CTE 28 Day,MoR 7 Day,MoR 14 Day,MoR 28 Day,MoR 90 Day,CS 7 Day,CS 14 Day,CS 28 Day,CS 90 Day,MoE 7 Day,MoE 14 Day,MoE 28 Day,MoE 90 Day,PR 7 Day,PR 14 Day,PR 28 Day,PR 90 Day,STS 7 Day,STS 14 Day,STS 28 Day,STS 90 Day,Mix Proportion,Cement,SCM,Fine Aggregate,Coarse Aggregate,AEA - A,% Air - A,Slump - A,WCM - A,WRA - A,AEA - B,% Air - B,Slump - B,WCM - B,WRA - B
9.45E-06,700,744,824,898,4223,4789,5377,6129,3582333,3904833,4708333,4781667,0.16,0.17,0.2,0.18,370,399,488,523,1,1,0,0,0,16,4.8,1.25,0.4,40,16.5,5.2,2,0.4,50
1.01E-05,720,777,855,993,4072,4823,4940,6085,3300000,3723000,4146000,4517833,0.19,0.19,0.2,0.2,448,431,474,521,1,1,0,0,0,10.5,4.8,3,0.4,35,11,4.6,3,0.4,35
9.50E-06,661,728,759,869,3579,4426,4686,5369,3553667,3779333,4534500,4647000,0.17,0.18,0.22,0.19,443,452,464,473,1,1,0,0,0,13.5,6.1,3,0.4,40,13,5.6,3,0.4,37
9.04E-06,734,787,783,962,3925,4595,5375,6084,4326667,4195333,4311333,4906000,0.2,0.2,0.18,0.2,392,443,471,539,1,1,0,0,0,12.5,5.4,2.75,0.4,53,12.5,5.3,2.25,0.4,50
9.43E-06,671,794,830,911,3891,4521,5070,5531,3926667,3962000,4435000,4833000,0.22,0.21,0.2,0.2,394,463,487,559,1,1,0,0,0,21,5.3,1.25,0.4,85,20.5,5.6,2,0.4,85
9.51E-06,612,643,753,850,3944,4474,4825,5590,3055000,3168833,3720667,4426167,0.17,0.18,0.16,0.21,354,436,434,463,1,1,0,0,0,14,5.4,3,0.4,50,14,4.5,2,0.4,45
9.74E-06,705,809,837,916,3891,4513,5127,5972,3363833,3612500,3912333,4460167,0.19,0.19,0.22,0.19,414,448,528,529,1,1,0,0,1,11.5,4.4,2.25,0.4,30,14,5.1,2.25,0.4,30
8.94E-06,751,817,954,994,4767,4985,5815,6171,4647500,4996167,4945500,5166500,0.19,0.17,0.18,0.16,466,591,581,588,1,1,0,0,1,18.5,4.8,1.25,0.4,85,21,4.9,1.25,0.4,85
9.59E-06,717,780,795,914,5029,5807,6308,7211,3050500,3297833,3662500,4290167,0.19,0.21,0.21,0.21,467,494,503,592,1,1,0,0,1,12,5,2.25,0.4,80,11.5,4.6,2.25,0.4,80
9.44E-06,692,791,834,922,4120,4737,5389,6081,3381333,3430000,3771000,4724167,0.2,0.19,0.18,0.22,355,410,469,550,1,1,0,0,1,22.5,5.8,2,0.4,85,22.5,5.8,1.25,0.4,85
9.29E-06,749,860,880,955,4955,5798,6376,7240,4345667,4531000,4930833,5549000,0.19,0.2,0.2,0.23,472,429,628,663,1,1,0,0,1,15.5,4.4,1.75,0.4,80,15.5,4.1,1.25,0.4,80
1.10E-05,772,792,870,913,4532,5046,5606,6289,4617000,4891333,5439167,5825167,0.16,0.19,0.18,0.17,454,464,574,635,1,1,0,0,1,17,5.7,2.25,0.4,120,17,5.5,2.25,0.4,122
9.04E-06,829,942,908,988,4552,5477,5810,6402,4962000,5043333,5269167,6044000,0.22,0.21,0.21,0.21,433,425,509,581,1,1,0,0,1,31,5.6,1.25,0.4,85,31,5.2,1.25,0.4,85
9.50E-06,667,705,785,895,3915,4858,5181,5659,3260667,3300333,3543167,4310333,0.21,0.19,0.19,0.22,382,404,448,469,1,1,0,0,1,12,5,2.75,0.4,80,12.5,6.3,3,0.4,75
9.39E-06,815,836,964,973,4942,5616,6233,6770,3719000,4095000,4242667,4700667,0.19,0.2,0.2,0.21,500,499,577,633,1,1,0,0,1,17,6.2,2.25,0.4,125,17,5,2,0.4,125
9.52E-06,663,671,789,853,4297,4820,5362,6479,4043167,3924467,4218833,5248167,0.18,0.17,0.17,0.19,394,435,472,510,2,1,1,0,0,16,4.5,2.75,0.38,0,18.5,5.5,3,0.38,0
9.85E-06,597,610,707,789,3776,4597,5119,5934,3447167,3663833,4100333,4616500,0.18,0.19,0.18,0.2,379,432,478,544,2,1,1,0,0,16.5,4.2,2.75,0.37,0,18.5,5.2,3,0.37,0
9.34E-06,629,735,731,898,3842,4278,5001,5910,3719167,3932167,4333333,4802000,0.19,0.17,0.19,0.21,397,423,498,513,2,1,1,0,0,15.5,4.8,3,0.37,0,16,5,3,0.37,0
9.18E-06,625,600,765,888,4014,4821,5489,6621,4138500,4449000,4599667,5330000,0.18,0.18,0.18,0.18,399,438,525,536,2,1,1,0,0,16,5.3,3,0.38,0,16.5,4.5,3,0.39,0
9.65E-06,589,633,672,768,4013,4650,5177,6268,3981833,4234000,4610167,5219500,0.2,0.22,0.2,0.21,397,440,509,520,2,1,1,0,0,16,5.6,3,0.4,25,16,4.8,2.25,0.4,25
9.71E-06,591,651,788,878,3383,3690,4226,5139,2922833,3073167,4094833,4822667,0.16,0.17,0.19,0.21,328,365,366,463,2,1,1,0,0,17.5,4.8,2.75,0.36,0,18.5,4.6,2.75,0.36,0
9.61E-06,663,749,765,871,3892,4790,5315,6353,3667833,3786167,4079833,5321833,0.18,0.19,0.21,0.21,417,458,438,524,2,1,1,0,1,18,5.2,3,0.38,0,18.5,4.6,3,0.38,0
8.68E-06,642,765,718,897,4404,5203,5959,6746,4272667,4776000,5141667,5569000,0.18,0.18,0.19,0.18,438,535,519,561,2,1,1,0,1,19,5.1,3,0.4,10,20,5.1,2.25,0.4,10
9.62E-06,683,685,773,933,4347,5425,6312,7661,3191167,3312333,3510667,4627333,0.2,0.23,0.18,0.22,440,473,476,632,2,1,1,0,1,16,4.1,2.25,0.39,0,18,5,2.25,0.39,0
9.60E-06,712,716,792,907,4388,4990,5596,6648,3455167,3433333,4006000,4529667,0.19,0.19,0.2,0.21,409,424,484,558,2,1,1,0,1,17.5,4.9,2,0.4,45,18,4.3,2.75,0.4,45
9.66E-06,688,776,878,1080,4965,5885,6918,7904,4052000,4562333,4921667,5278000,0.22,0.22,0.21,0.2,455,498,491,632,2,1,1,0,1,13.5,3.4,2,0.4,50,14,3.7,2.75,0.4,50
1.10E-05,623,692,783,903,4592,5275,6182,7313,4382000,4529167,4817500,5497667,0.14,0.16,0.16,0.15,462,505,527,625,2,1,1,0,1,16,4.7,2,0.4,30,16.5,4.6,2,0.4,35
8.60E-06,694,731,772,959,3436,3889,4497,5260,4495333,4712500,5097333,5527000,0.2,0.19,0.18,0.2,458,480,526,599,2,1,1,0,1,12,5.3,3,0.4,85,13.5,5.1,3,0.4,65
1.00E-05,582,638,789,936,4138,4351,4885,5574,3732833,3426167,3983500,4500000,0.19,0.17,0.2,0.23,379,390,425,513,2,1,1,0,1,15,4.5,3,0.39,0,15,5.8,2.25,0.38,0
9.48E-06,726,744,808,992,4197,4952,5597,6799,3446667,3963333,4385500,4743833,0.18,0.19,0.2,0.2,420,496,496,585,2,1,1,0,1,12,5.1,1.75,0.4,85,11,5.3,3,0.4,80
9.76E-06,731,863,867,845,4144,4695,5137,5999,3912500,4012500,4233667,4767333,0.2,0.2,0.17,0.19,431,456,496,502,1,2,0,0,0,10,6.1,2.75,0.4,30,12,5.5,2,0.4,33
1.00E-05,830,867,933,943,3839,4503,4921,5520,3483667,3748333,3942167,4801000,0.18,0.21,0.18,0.2,411,462,482,526,1,2,0,0,0,8,4.7,2.25,0.4,32,9,5.4,3,0.4,32
9.89E-06,715,855,833,871,4503,4946,5272,5925,3838000,4135500,4012500,4520667,0.22,0.2,0.2,0.2,475,484,537,583,1,2,0,0,1,12,5.9,2.25,0.4,22,12,4.4,2,0.4,22
8.97E-06,805,899,966,776,4518,5030,5477,6146,4764667,4830333,5180667,4694000,0.17,0.19,0.2,0.17,442,509,548,546,1,2,0,0,1,16,6.1,1.25,0.4,85,16,5.8,2,0.4,85
9.57E-06,751,739,845,926,4853,5729,6349,7361,3203833,3612667,3726333,4340500,0.21,0.21,0.21,0.22,455,513,553,622,1,2,0,0,1,9.5,4.3,1.25,0.4,65,8.5,4.5,1.75,0.4,70
9.61E-06,705,831,833,832,4132,4667,5255,6023,3944000,4215000,4189000,4879833,0.18,0.18,0.18,0.18,418,473,492,520,1,2,0,0,0,12,5.7,2.25,0.4,25,12,5,2,0.4,25
9.79E-06,706,806,868,922,3806,4555,4830,5359,3591000,3836000,3905500,4335833,0.2,0.21,0.21,0.19,415,441,504,517,1,2,0,0,0,9,4.5,2.25,0.4,20,10,5.2,3,0.4,20
9.61E-06,704,863,875,927,3887,4558,4949,5587,3243333,3800000,3959833,4576833,0.18,0.19,0.2,0.2,428,483,488,515,1,2,0,0,1,11,4.9,2.25,0.4,25,12,5,2.25,0.4,25
8.99E-06,849,902,972,1057,4809,5416,5745,6203,4770750,5012500,5105667,4783000,0.23,0.2,0.19,0.17,437,484,541,510,1,2,0,0,1,16,6,1.75,0.4,80,15,5.9,1.25,0.4,83
9.47E-06,668,750,836,846,4546,5356,5862,6688,3087333,3573500,3531500,4246000,0.19,0.21,0.21,0.21,447,475,494,636,1,2,0,0,1,8,4.6,2,0.4,70,8,4.8,2,0.4,70
9.56E-06,763,740,804,839,3793,4654,5067,5788,3793833,4212333,4403000,4841667,0.18,0.18,0.19,0.17,376,396,459,468,2,2,1,0,0,12,5.2,3,0.37,0,16,6.3,3,0.37,0
9.88E-06,604,740,746,811,4234,4945,5385,6763,3521833,3937000,4097333,4793833,0.2,0.21,0.21,0.21,337,430,451,479,2,2,1,0,0,12.5,5.9,3,0.37,0,12.5,5,3,0.38,0
9.48E-06,654,771,892,952,4285,4939,5666,6453,3591667,3884167,4079400,5000167,0.19,0.19,0.2,0.22,415,449,538,578,2,2,1,0,1,11.5,5,3,0.37,0,12,4.7,3,0.37,0
8.81E-06,727,798,880,968,3820,4520,5320,6131,4437167,4623667,5146833,5134833,0.16,0.17,0.18,0.18,391,471,534,545,2,2,1,0,1,18,6,2.75,0.39,0,18,6,2.25,0.39,0
9.55E-06,687,694,781,877,5497,6390,7293,8798,3361333,3819667,4073500,5062000,0.21,0.23,0.22,0.24,454,461,518,735,2,2,1,0,1,13,5.5,3,0.39,0,12,3.7,2,0.39,0
9.48E-06,668,661,746,848,3666,4245,4726,5534,3879833,3818167,4377167,4794500,0.17,0.15,0.18,0.18,360,392,428,455,2,2,1,0,0,19,6.1,3,0.38,0,15,6,3,0.38,0
9.71E-06,627,656,827,838,4155,4900,5486,6660,4080500,3929167,4111333,4603333,0.21,0.2,0.19,0.2,367,436,507,544,2,2,1,0,0,16,5.9,3,0.37,0,16,4.7,3,0.38,0
9.78E-06,690,795,810,884,4312,5116,5557,6786,3745000,3834667,4076667,5014833,0.2,0.21,0.2,0.21,420,428,480,548,2,2,1,0,1,16,5,2,0.38,0,18,4.9,2.25,0.38,0
9.13E-06,666,765,891,897,3545,4151,4515,5346,4261667,4603167,4921000,5289500,0.18,0.19,0.16,0.17,394,453,475,531,2,2,1,0,1,22,5.4,1.75,0.4,0,25,6.4,2.25,0.4,0
9.47E-06,590,695,784,833,4664,5319,6325,7763,3250167,3679167,3818667,4724833,0.2,0.21,0.22,0.22,415,454,515,667,2,2,1,0,1,15,5.2,2.75,0.39,0,14,4.6,2.25,0.39,0
9.44E-06,661,707,808,822,4334,5010,5746,6858,4195333,4372500,4704667,5051833,0.18,0.19,0.17,0.19,412,465,466,551,2,2,1,0,0,18,5.6,3,0.37,0,18.5,5.2,2.75,0.37,0
9.69E-06,742,799,812,1009,4249,5007,5579,6713,3194667,3719500,4430167,4794667,0.15,0.18,0.21,0.21,418,420,481,527,2,2,1,0,0,15,4.2,3,0.37,0,17.5,4.6,2.25,0.37,0
9.72E-06,674,757,825,948,4526,5398,6055,6985,3817167,4055833,4263167,5022167,0.21,0.2,0.21,0.22,430,457,458,590,2,2,1,0,1,20,6.2,2.25,0.37,0,19.5,4.8,2.25,0.37,0
9.06E-06,780,822,834,916,3966,4610,5217,6064,4286667,4871000,4970833,4982167,0.19,0.2,0.19,0.18,425,502,499,533,2,2,1,0,1,22,4.9,2,0.39,0,22,5.6,2.25,0.39,0
9.48E-06,666,696,814,969,5165,6042,6361,7682,3292333,3633167,3942833,4882000,0.19,0.21,0.22,0.22,395,526,540,670,2,2,1,0,1,17,5.5,3,0.39,0,14,3.7,2.25,0.39,0
9.50E-06,664,731,789,839,3655,4321,5040,5821,3478000,3891667,4220667,4683167,0.16,0.18,0.18,0.18,414,454,471,522,1,1,0,0,0,16,5.8,2.25,0.4,40,16,5.5,2.25,0.4,40
1.01E-05,604,700,696,850,3369,4169,4597,5035,3499667,3528833,3641000,3831833,0.21,0.2,0.19,0.18,354,385,452,513,1,1,0,0,0,16,5.7,2.75,0.4,35,16,6.2,2.25,0.4,35
9.57E-06,687,815,826,957,3650,4351,5072,5229,3268167,3614833,3887000,4789000,0.19,0.19,0.19,0.19,359,446,495,523,1,1,0,0,1,16,4.6,2.25,0.4,30,16,5,2.25,0.4,35
8.62E-06,698,794,805,926,4189,5239,5651,6656,4608667,4817833,4949333,5483500,0.19,0.19,0.19,0.19,497,498,514,584,1,1,0,0,1,22,5,1.25,0.4,85,24,5.2,2,0.4,85
9.47E-06,640,692,766,882,4149,5326,5966,6522,3143000,3351167,3680667,4050833,0.19,0.19,0.2,0.21,414,476,484,561,1,1,0,0,1,12,4.8,2,0.4,80,11,4.7,2.25,0.4,80
9.48E-06,584,612,684,826,3904,4721,5147,6590,3674500,4031000,4340500,4957167,0.16,0.18,0.19,0.18,382,460,488,523,2,1,1,0,0,23,6.3,3,0.38,0,22.5,5.3,3,0.38,0
9.88E-06,560,686,721,876,3778,4294,5126,5851,3185000,3545167,3852500,4575333,0.18,0.18,0.2,0.19,347,383,471,530,2,1,1,0,0,20.5,4.2,2.75,0.37,0,23,5.6,3,0.38,0
9.50E-06,679,682,796,923,4021,4518,5370,6257,3480000,3538000,4042667,4629833,0.2,0.19,0.19,0.19,401,431,495,565,2,1,1,0,1,23,4.8,3,0.38,0,25,4.9,2.25,0.38,0
8.60E-06,611,757,781,939,3707,4326,4981,5987,4100333,4362333,4798167,5255333,0.17,0.16,0.19,0.19,439,441,473,541,2,1,1,0,1,26.5,4.8,2.25,0.4,10,30,6,3,0.4,10
9.58E-06,649,738,756,877,4954,5363,6459,7707,3298500,3802833,4068000,4658333,0.21,0.24,0.21,0.21,396,475,450,579,2,1,1,0,1,18,3.6,2,0.39,0,21,4.3,2.25,0.39,0
9.36E-06,613,659,668,803,4290,4942,5598,6846,3795500,4184667,4166000,5109167,0.17,0.18,0.17,0.19,407,443,467,566,2,1,1,0,0,23,5.3,2.75,0.38,0,23.5,4.9,2.25,0.38,0
9.78E-06,614,675,770,880,3828,4534,5135,5910,3358833,3753667,4346500,4380000,0.18,0.19,0.21,0.18,379,411,460,546,2,1,1,0,0,21,4.6,2.75,0.38,0,22.5,4.7,3,0.38,0
9.67E-06,657,683,805,872,3798,4339,4995,5401,3562833,3603000,3871667,4458667,0.16,0.16,0.18,0.2,362,421,501,556,2,1,1,0,1,22.5,5.2,3,0.38,0,24,4.7,2.75,0.38,0
8.58E-06,591,655,690,929,3833,4321,5290,6168,4226667,5028000,4842500,5218167,0.17,0.21,0.17,0.19,447,480,478,565,2,1,1,0,1,30,6.6,2.25,0.4,10,27,5.9,2.75,0.4,10
9.50E-06,630,671,716,847,4673,5462,6167,7053,3112000,3303500,3703667,4523833,0.18,0.21,0.21,0.2,363,427,438,547,2,1,1,0,1,21,4.2,2.25,0.39,0,23,4.5,2.75,0.39,0
9.59E-06,611,730,736,747,3912,4610,5342,5973,3765667,4083333,4369167,4912167,0.17,0.18,0.16,0.18,450,448,474,487,1,1,0,1,0,14,6,3,0.39,0,14,5.5,2.25,0.39,0
9.60E-06,544,608,713,785,3934,4781,5324,6341,3593500,4118500,4081667,4869000,0.18,0.2,0.18,0.18,395,434,471,522,1,1,0,1,0,20,4.4,1.75,0.39,0,21,5,2.25,0.39,0
9.77E-06,563,691,666,884,3820,4591,4995,5893,3246500,3672833,3994500,4757500,0.17,0.17,0.17,0.19,406,479,497,469,1,1,0,1,1,13.5,6.4,3,0.4,0,12.5,5.3,3,0.4,0
8.87E-06,718,797,918,979,4011,4756,5475,6116,4341833,4577167,5026500,5165500,0.17,0.17,0.18,0.17,455,495,510,551,1,1,0,1,1,23,5.8,1.25,0.4,10,23,6.1,1.25,0.4,15
9.75E-06,587,633,726,857,5303,6425,7092,8091,3337500,3648167,4537167,4522167,0.19,0.2,0.22,0.21,457,458,502,600,1,1,0,1,1,12,4.6,1.25,0.4,20,12,3.7,1.25,0.4,20
9.36E-06,569,617,713,761,3728,4318,4970,5643,3943667,3972500,4391667,4896000,0.19,0.17,0.16,0.17,365,421,506,478,1,1,0,1,0,15,6.6,3,0.4,0,12.5,5.3,2.25,0.39,0
1.00E-05,630,662,774,895,3813,4536,5020,5634,3278833,3788167,4017333,4978500,0.18,0.17,0.18,0.19,404,450,492,517,1,1,0,1,0,12,4.8,2.25,0.39,0,14,5.6,3,0.39,0
9.47E-06,638,734,756,814,4049,4535,4931,6072,3487500,3853833,4368333,4956000,0.17,0.17,0.18,0.19,419,429,479,483,1,1,0,1,1,12.5,5,3,0.39,0,14,4.5,2.25,0.39,0
8.67E-06,687,745,782,840,3783,4513,5378,5535,4289500,4657667,5680000,5182000,0.17,0.18,0.22,0.22,390,477,438,558,1,1,0,1,1,23,6.6,2.25,0.4,10,22,6.2,2.25,0.4,10
9.51E-06,641,663,816,903,4473,5552,6644,7765,3243500,3624333,4037167,4695167,0.2,0.19,0.21,0.22,379,455,489,585,1,1,0,1,1,10,4.7,2.25,0.4,25,10,4.6,2.25,0.4,25
9.49E-06,594,650,682,823,4375,5127,5712,6636,4243833,4587333,4966833,5382333,0.15,0.17,0.19,0.18,388,439,414,490,2,1,1,1,0,17,5.6,3,0.34,0,17,5.6,3,0.34,0
9.67E-06,636,689,689,727,5154,5855,6183,7610,4592333,4278333,4606500,5432833,0.21,0.18,0.18,0.2,421,486,521,558,2,1,1,1,0,17,5.5,3,0.33,0,20,4.9,2.25,0.33,0
9.68E-06,664,691,763,901,4312,5287,5764,6644,3800833,4042333,4295000,5840833,0.17,0.18,0.18,0.22,401,439,468,477,2,1,1,1,1,16,4.7,3,0.34,0,19,5.4,3,0.34,0
8.63E-06,543,621,623,732,4498,5302,5947,6758,4528000,4814167,5389333,5504000,0.19,0.16,0.18,0.17,507,516,492,536,2,1,1,1,1,20,5.6,2.25,0.37,0,20.5,4.9,2.25,0.37,0
9.63E-06,585,618,756,775,4669,5433,5919,7265,3494333,3343833,3813833,4784333,0.19,0.19,0.18,0.2,419,391,498,600,2,1,1,1,1,11,5.6,2.75,0.37,0,9,4.9,2.75,0.37,0
9.33E-06,508,575,666,795,4014,4535,5248,5960,4312167,4259167,4582333,5152333,0.17,0.15,0.15,0.19,381,412,460,467,2,1,1,1,0,21,5.4,2.25,0.35,0,22,5.8,3,0.35,0
9.88E-06,715,667,754,967,4747,5453,6085,7200,3866667,4141667,4546833,5261500,0.18,0.18,0.19,0.2,409,476,490,535,2,1,1,1,0,20,4.4,1.75,0.34,0,21,5,2.25,0.35,0
9.88E-06,651,710,756,911,4861,5562,6297,7307,3797167,4139333,4335500,5244167,0.18,0.18,0.19,0.2,479,478,511,537,2,1,1,1,1,19.5,4.5,1.75,0.34,0,21.5,4.5,2,0.35,0
8.53E-06,636,596,721,814,4437,5058,5778,6969,4572333,4829833,5194167,5138333,0.17,0.18,0.18,0.17,409,473,487,520,2,1,1,1,1,24,5.8,2.25,0.38,0,24,5.7,2,0.38,0
9.61E-06,618,677,725,849,4616,5562,6244,7661,3222000,3427667,3524833,4924333,0.19,0.19,0.18,0.21,315,374,471,579,2,1,1,1,1,21,4.7,1.25,0.37,0,22,5.3,2,0.37,0
9.28E-06,582,639,712,731,3923,4497,4792,5895,4204167,4371000,4458500,5138833,0.17,0.18,0.18,0.16,393,476,425,526,2,1,1,1,0,23,5.6,3,0.34,0,23,6.4,3,0.34,0
9.86E-06,595,661,664,788,4304,5060,5885,6793,3640500,3780500,4191500,5040167,0.18,0.17,0.2,0.19,403,416,478,541,2,1,1,1,0,21,5.9,3,0.35,0,21,6,3,0.35,0
9.58E-06,698,716,787,897,4725,5553,5944,7091,4059500,4116500,4448500,5130667,0.18,0.18,0.18,0.19,458,472,526,539,2,1,1,1,1,20,4.5,2.25,0.34,0,24,5.2,2.25,0.34,0
8.74E-06,602,685,775,782,4193,4849,5067,6448,4462000,4902500,5052500,5122167,0.18,0.2,0.19,0.18,407,489,481,525,2,1,1,1,1,25,5.8,3,0.38,0,25,6,3,0.38,0
9.65E-06,625,706,768,860,4819,5632,6565,7376,3099667,3575167,4040500,4887000,0.18,0.2,0.2,0.22,391,423,487,534,2,1,1,1,1,21,5.4,2.25,0.37,0,21,4.8,2.25,0.37,0
